{
  "args": {
    "model_type": "both",
    "K": 128,
    "n_layer": 4,
    "n_head": 4,
    "n_embd": 256,
    "block_size": 256,
    "batch_size": 32,
    "max_iters": 1000,
    "eval_interval": 200,
    "eval_iters": 100,
    "lr": 0.0003,
    "weight_decay": 0.01,
    "dropout": 0.1,
    "device": "cuda",
    "seed": 42,
    "out_dir": "transformer_results"
  },
  "standard": {
    "label": "Standard GPT (n_embd=256)",
    "best_val_loss": 1.8123213350772858,
    "best_val_ppl": 6.124648304307301,
    "avg_step_ms": 48.77403789998789
  },
  "indexed": {
    "label": "Indexed GPT (K=128)",
    "best_val_loss": 2.7775171303749087,
    "best_val_ppl": 16.079049163428706,
    "avg_step_ms": 105.08172329998342
  },
  "ppl_ratio": 2.625301627869921,
  "step_speedup": 0.46415338812772955
}